{
  "5": {
    "k": 5,
    "\u03bb=0_acc_mean": 0.95,
    "\u03bb=0_acc_std": 0.014907119849998594,
    "\u03bb=0_cost_mean": 0.0008698933333333334,
    "\u03bb=10_acc_mean": 0.93,
    "\u03bb=10_acc_std": 0.0163299316185545,
    "\u03bb=10_cost_mean": 0.0008281006666666667,
    "\u03bb=100_acc_mean": 0.9333333333333333,
    "\u03bb=100_acc_std": 0.02108185106778919,
    "\u03bb=100_cost_mean": 0.00033456599999999995,
    "\u03bb=500_acc_mean": 0.85,
    "\u03bb=500_acc_std": 0.04472135954999579,
    "\u03bb=500_cost_mean": 3.561166666666667e-05,
    "auc_mean": 0.0007754242083333333,
    "auc_std": 7.658372508194462e-05
  },
  "10": {
    "k": 10,
    "\u03bb=0_acc_mean": 0.9333333333333332,
    "\u03bb=0_acc_std": 0.02357022603955158,
    "\u03bb=0_cost_mean": 0.0007142355000000001,
    "\u03bb=10_acc_mean": 0.9166666666666667,
    "\u03bb=10_acc_std": 0.038005847503304616,
    "\u03bb=10_cost_mean": 0.000615261,
    "\u03bb=100_acc_mean": 0.9,
    "\u03bb=100_acc_std": 0.04216370213557839,
    "\u03bb=100_cost_mean": 0.0002927373333333333,
    "\u03bb=500_acc_mean": 0.8433333333333334,
    "\u03bb=500_acc_std": 0.06716480559869963,
    "\u03bb=500_cost_mean": 4.2363499999999995e-05,
    "auc_mean": 0.0006067450444444445,
    "auc_std": 0.0001291006339555557
  },
  "15": {
    "k": 15,
    "\u03bb=0_acc_mean": 0.9333333333333333,
    "\u03bb=0_acc_std": 0.014907119849998594,
    "\u03bb=0_cost_mean": 0.0006761909999999999,
    "\u03bb=10_acc_mean": 0.9033333333333333,
    "\u03bb=10_acc_std": 0.01632993161855453,
    "\u03bb=10_cost_mean": 0.000549116,
    "\u03bb=100_acc_mean": 0.8833333333333334,
    "\u03bb=100_acc_std": 0.029814239699997178,
    "\u03bb=100_cost_mean": 0.0002644813333333333,
    "\u03bb=500_acc_mean": 0.8366666666666667,
    "\u03bb=500_acc_std": 0.05312459150169744,
    "\u03bb=500_cost_mean": 5.4128833333333336e-05,
    "auc_mean": 0.0005677338944444445,
    "auc_std": 0.00010734581192632192
  },
  "20": {
    "k": 20,
    "\u03bb=0_acc_mean": 0.9333333333333333,
    "\u03bb=0_acc_std": 0.018257418583505554,
    "\u03bb=0_cost_mean": 0.0005446923333333333,
    "\u03bb=10_acc_mean": 0.8933333333333333,
    "\u03bb=10_acc_std": 0.034318767136623324,
    "\u03bb=10_cost_mean": 0.00040151000000000005,
    "\u03bb=100_acc_mean": 0.89,
    "\u03bb=100_acc_std": 0.04898979485566355,
    "\u03bb=100_cost_mean": 0.000284809,
    "\u03bb=500_acc_mean": 0.8366666666666667,
    "\u03bb=500_acc_std": 0.0498887651569859,
    "\u03bb=500_cost_mean": 5.3746666666666665e-05,
    "auc_mean": 0.0004525274652777777,
    "auc_std": 5.3940486524626754e-05
  },
  "30": {
    "k": 30,
    "\u03bb=0_acc_mean": 0.9333333333333332,
    "\u03bb=0_acc_std": 0.010540925533894595,
    "\u03bb=0_cost_mean": 0.0005486763333333334,
    "\u03bb=10_acc_mean": 0.8533333333333333,
    "\u03bb=10_acc_std": 0.028674417556808766,
    "\u03bb=10_cost_mean": 0.0003024161666666667,
    "\u03bb=100_acc_mean": 0.8566666666666667,
    "\u03bb=100_acc_std": 0.024944382578492942,
    "\u03bb=100_cost_mean": 0.000225805,
    "\u03bb=500_acc_mean": 0.8233333333333335,
    "\u03bb=500_acc_std": 0.030912061651652323,
    "\u03bb=500_cost_mean": 5.306516666666667e-05,
    "auc_mean": 0.00044436549444444443,
    "auc_std": 7.064334235328337e-05
  }
}